primary_mass_msun,secondary_mass_msun,total_mass_msun,chi1,chi2,acceleration_s_inv,psd,f_low_hz,f_isco_hz,stage,method,fsd_order,mismatch
21.0,10.5,31.5,0.0,0.0,1e-05,EinsteinTelescopeP1600143,10.0,139.58761382680404,inspiral,FSD,1,1.981042757914775e-05
21.0,10.5,31.5,0.0,0.0,1e-05,EinsteinTelescopeP1600143,10.0,139.58761382680404,merger-ringdown,FSD,1,9.470202400052585e-14
21.0,10.5,31.5,0.0,0.0,1e-05,EinsteinTelescopeP1600143,10.0,139.58761382680404,full,FSD,1,1.7872650513006683e-05
21.0,10.5,31.5,0.0,0.0,1e-05,EinsteinTelescopeP1600143,10.0,139.58761382680404,inspiral,SPA+PN,,3.888990685041449e-08
21.0,10.5,31.5,0.0,0.0,1e-05,EinsteinTelescopeP1600143,10.0,139.58761382680404,merger-ringdown,SPA+PN,,1.0447198661722723e-13
21.0,10.5,31.5,0.0,0.0,1e-05,EinsteinTelescopeP1600143,10.0,139.58761382680404,full,SPA+PN,,4.3116026526845985e-08
30.875,15.4375,46.3125,0.0,0.0,1e-05,EinsteinTelescopeP1600143,10.0,94.94218268381813,inspiral,FSD,1,1.1321809256781279e-07
30.875,15.4375,46.3125,0.0,0.0,1e-05,EinsteinTelescopeP1600143,10.0,94.94218268381813,merger-ringdown,FSD,1,6.106226635438361e-15
30.875,15.4375,46.3125,0.0,0.0,1e-05,EinsteinTelescopeP1600143,10.0,94.94218268381813,full,FSD,1,9.555460389609749e-08
30.875,15.4375,46.3125,0.0,0.0,1e-05,EinsteinTelescopeP1600143,10.0,94.94218268381813,inspiral,SPA+PN,,9.592135086222697e-09
30.875,15.4375,46.3125,0.0,0.0,1e-05,EinsteinTelescopeP1600143,10.0,94.94218268381813,merger-ringdown,SPA+PN,,2.3869795029440866e-14
30.875,15.4375,46.3125,0.0,0.0,1e-05,EinsteinTelescopeP1600143,10.0,94.94218268381813,full,SPA+PN,,1.0395705407617584e-08
40.75,20.375,61.125,0.0,0.0,1e-05,EinsteinTelescopeP1600143,10.0,71.93472123589902,inspiral,FSD,1,2.992697756276641e-09
40.75,20.375,61.125,0.0,0.0,1e-05,EinsteinTelescopeP1600143,10.0,71.93472123589902,merger-ringdown,FSD,1,3.9246383920499284e-13
40.75,20.375,61.125,0.0,0.0,1e-05,EinsteinTelescopeP1600143,10.0,71.93472123589902,full,FSD,1,2.4779632790128403e-09
40.75,20.375,61.125,0.0,0.0,1e-05,EinsteinTelescopeP1600143,10.0,71.93472123589902,inspiral,SPA+PN,,3.7857430523757785e-09
40.75,20.375,61.125,0.0,0.0,1e-05,EinsteinTelescopeP1600143,10.0,71.93472123589902,merger-ringdown,SPA+PN,,4.1944225870338414e-13
40.75,20.375,61.125,0.0,0.0,1e-05,EinsteinTelescopeP1600143,10.0,71.93472123589902,full,SPA+PN,,3.942524862132757e-09
50.625,25.3125,75.9375,0.0,0.0,1e-05,EinsteinTelescopeP1600143,10.0,57.9030101800076,inspiral,FSD,1,3.5294434042043576e-10
50.625,25.3125,75.9375,0.0,0.0,1e-05,EinsteinTelescopeP1600143,10.0,57.9030101800076,merger-ringdown,FSD,1,2.470579296698361e-12
50.625,25.3125,75.9375,0.0,0.0,1e-05,EinsteinTelescopeP1600143,10.0,57.9030101800076,full,FSD,1,2.9898539199990637e-10
50.625,25.3125,75.9375,0.0,0.0,1e-05,EinsteinTelescopeP1600143,10.0,57.9030101800076,inspiral,SPA+PN,,1.900546275912518e-09
50.625,25.3125,75.9375,0.0,0.0,1e-05,EinsteinTelescopeP1600143,10.0,57.9030101800076,merger-ringdown,SPA+PN,,2.5085489241405412e-12
50.625,25.3125,75.9375,0.0,0.0,1e-05,EinsteinTelescopeP1600143,10.0,57.9030101800076,full,SPA+PN,,1.8851360472638135e-09
60.5,30.25,90.75,0.0,0.0,1e-05,EinsteinTelescopeP1600143,10.0,48.451899014262565,inspiral,FSD,1,1.045736830462829e-10
60.5,30.25,90.75,0.0,0.0,1e-05,EinsteinTelescopeP1600143,10.0,48.451899014262565,merger-ringdown,FSD,1,3.8746783559417963e-14
60.5,30.25,90.75,0.0,0.0,1e-05,EinsteinTelescopeP1600143,10.0,48.451899014262565,full,FSD,1,8.70239436068232e-11
60.5,30.25,90.75,0.0,0.0,1e-05,EinsteinTelescopeP1600143,10.0,48.451899014262565,inspiral,SPA+PN,,1.002588456699982e-09
60.5,30.25,90.75,0.0,0.0,1e-05,EinsteinTelescopeP1600143,10.0,48.451899014262565,merger-ringdown,SPA+PN,,8.748557434046234e-14
60.5,30.25,90.75,0.0,0.0,1e-05,EinsteinTelescopeP1600143,10.0,48.451899014262565,full,SPA+PN,,9.619766094814963e-10
70.375,35.1875,105.5625,0.0,0.0,1e-05,EinsteinTelescopeP1600143,10.0,41.65314231421506,inspiral,FSD,1,3.636313472554775e-11
70.375,35.1875,105.5625,0.0,0.0,1e-05,EinsteinTelescopeP1600143,10.0,41.65314231421506,merger-ringdown,FSD,1,4.64850380410553e-13
70.375,35.1875,105.5625,0.0,0.0,1e-05,EinsteinTelescopeP1600143,10.0,41.65314231421506,full,FSD,1,3.024580585986314e-11
70.375,35.1875,105.5625,0.0,0.0,1e-05,EinsteinTelescopeP1600143,10.0,41.65314231421506,inspiral,SPA+PN,,5.275883063760034e-10
70.375,35.1875,105.5625,0.0,0.0,1e-05,EinsteinTelescopeP1600143,10.0,41.65314231421506,merger-ringdown,SPA+PN,,5.234701561107613e-13
70.375,35.1875,105.5625,0.0,0.0,1e-05,EinsteinTelescopeP1600143,10.0,41.65314231421506,full,SPA+PN,,4.993838675915185e-10
80.25,40.125,120.375,0.0,0.0,1e-05,EinsteinTelescopeP1600143,10.0,36.52759987991134,inspiral,FSD,1,1.443267727552211e-11
80.25,40.125,120.375,0.0,0.0,1e-05,EinsteinTelescopeP1600143,10.0,36.52759987991134,merger-ringdown,FSD,1,2.3880897259687117e-13
80.25,40.125,120.375,0.0,0.0,1e-05,EinsteinTelescopeP1600143,10.0,36.52759987991134,full,FSD,1,1.2032708163189909e-11
80.25,40.125,120.375,0.0,0.0,1e-05,EinsteinTelescopeP1600143,10.0,36.52759987991134,inspiral,SPA+PN,,2.944389176917639e-10
80.25,40.125,120.375,0.0,0.0,1e-05,EinsteinTelescopeP1600143,10.0,36.52759987991134,merger-ringdown,SPA+PN,,3.063105324940807e-13
80.25,40.125,120.375,0.0,0.0,1e-05,EinsteinTelescopeP1600143,10.0,36.52759987991134,full,SPA+PN,,2.758732131624697e-10
90.125,45.0625,135.1875,0.0,0.0,1e-05,EinsteinTelescopeP1600143,10.0,32.52526924119706,inspiral,FSD,1,6.682765452126205e-12
90.125,45.0625,135.1875,0.0,0.0,1e-05,EinsteinTelescopeP1600143,10.0,32.52526924119706,merger-ringdown,FSD,1,4.348743587456738e-13
90.125,45.0625,135.1875,0.0,0.0,1e-05,EinsteinTelescopeP1600143,10.0,32.52526924119706,full,FSD,1,5.651035195342047e-12
90.125,45.0625,135.1875,0.0,0.0,1e-05,EinsteinTelescopeP1600143,10.0,32.52526924119706,inspiral,SPA+PN,,1.7515333627926566e-10
90.125,45.0625,135.1875,0.0,0.0,1e-05,EinsteinTelescopeP1600143,10.0,32.52526924119706,merger-ringdown,SPA+PN,,5.160316618457728e-13
90.125,45.0625,135.1875,0.0,0.0,1e-05,EinsteinTelescopeP1600143,10.0,32.52526924119706,full,SPA+PN,,1.6302459382444567e-10
100.0,50.0,150.0,0.0,0.0,1e-05,EinsteinTelescopeP1600143,10.0,29.313398903628848,inspiral,FSD,1,3.1187274984745272e-12
100.0,50.0,150.0,0.0,0.0,1e-05,EinsteinTelescopeP1600143,10.0,29.313398903628848,merger-ringdown,FSD,1,2.1649348980190553e-14
100.0,50.0,150.0,0.0,0.0,1e-05,EinsteinTelescopeP1600143,10.0,29.313398903628848,full,FSD,1,2.609690241683893e-12
100.0,50.0,150.0,0.0,0.0,1e-05,EinsteinTelescopeP1600143,10.0,29.313398903628848,inspiral,SPA+PN,,1.1026002333380802e-10
100.0,50.0,150.0,0.0,0.0,1e-05,EinsteinTelescopeP1600143,10.0,29.313398903628848,merger-ringdown,SPA+PN,,1.2534417948018017e-13
100.0,50.0,150.0,0.0,0.0,1e-05,EinsteinTelescopeP1600143,10.0,29.313398903628848,full,SPA+PN,,1.0283840445879378e-10
21.0,10.5,31.5,0.5,0.5,1e-05,EinsteinTelescopeP1600143,10.0,139.58761382680404,inspiral,FSD,1,2.5228577028690857e-05
21.0,10.5,31.5,0.5,0.5,1e-05,EinsteinTelescopeP1600143,10.0,139.58761382680404,merger-ringdown,FSD,1,6.52811138479592e-14
21.0,10.5,31.5,0.5,0.5,1e-05,EinsteinTelescopeP1600143,10.0,139.58761382680404,full,FSD,1,2.2133325216722177e-05
21.0,10.5,31.5,0.5,0.5,1e-05,EinsteinTelescopeP1600143,10.0,139.58761382680404,inspiral,SPA+PN,,1.0412220641242698e-07
21.0,10.5,31.5,0.5,0.5,1e-05,EinsteinTelescopeP1600143,10.0,139.58761382680404,merger-ringdown,SPA+PN,,1.6608936448392342e-13
21.0,10.5,31.5,0.5,0.5,1e-05,EinsteinTelescopeP1600143,10.0,139.58761382680404,full,SPA+PN,,1.1067392824415379e-07
30.875,15.4375,46.3125,0.5,0.5,1e-05,EinsteinTelescopeP1600143,10.0,94.94218268381813,inspiral,FSD,1,1.675063683315159e-07
30.875,15.4375,46.3125,0.5,0.5,1e-05,EinsteinTelescopeP1600143,10.0,94.94218268381813,merger-ringdown,FSD,1,1.1213252548714081e-14
30.875,15.4375,46.3125,0.5,0.5,1e-05,EinsteinTelescopeP1600143,10.0,94.94218268381813,full,FSD,1,1.3513982832780158e-07
30.875,15.4375,46.3125,0.5,0.5,1e-05,EinsteinTelescopeP1600143,10.0,94.94218268381813,inspiral,SPA+PN,,1.3961393485750762e-08
30.875,15.4375,46.3125,0.5,0.5,1e-05,EinsteinTelescopeP1600143,10.0,94.94218268381813,merger-ringdown,SPA+PN,,2.2026824808563106e-13
30.875,15.4375,46.3125,0.5,0.5,1e-05,EinsteinTelescopeP1600143,10.0,94.94218268381813,full,SPA+PN,,1.3545334187625713e-08
40.75,20.375,61.125,0.5,0.5,1e-05,EinsteinTelescopeP1600143,10.0,71.93472123589902,inspiral,FSD,1,4.978721768189587e-09
40.75,20.375,61.125,0.5,0.5,1e-05,EinsteinTelescopeP1600143,10.0,71.93472123589902,merger-ringdown,FSD,1,3.715916463420399e-13
40.75,20.375,61.125,0.5,0.5,1e-05,EinsteinTelescopeP1600143,10.0,71.93472123589902,full,FSD,1,3.873148912703073e-09
40.75,20.375,61.125,0.5,0.5,1e-05,EinsteinTelescopeP1600143,10.0,71.93472123589902,inspiral,SPA+PN,,3.858008024160142e-09
40.75,20.375,61.125,0.5,0.5,1e-05,EinsteinTelescopeP1600143,10.0,71.93472123589902,merger-ringdown,SPA+PN,,7.26640969617165e-13
40.75,20.375,61.125,0.5,0.5,1e-05,EinsteinTelescopeP1600143,10.0,71.93472123589902,full,SPA+PN,,3.423111682998581e-09
50.625,25.3125,75.9375,0.5,0.5,1e-05,EinsteinTelescopeP1600143,10.0,57.9030101800076,inspiral,FSD,1,5.064876296145826e-10
50.625,25.3125,75.9375,0.5,0.5,1e-05,EinsteinTelescopeP1600143,10.0,57.9030101800076,merger-ringdown,FSD,1,2.289723965986923e-12
50.625,25.3125,75.9375,0.5,0.5,1e-05,EinsteinTelescopeP1600143,10.0,57.9030101800076,full,FSD,1,4.0811587442846076e-10
50.625,25.3125,75.9375,0.5,0.5,1e-05,EinsteinTelescopeP1600143,10.0,57.9030101800076,inspiral,SPA+PN,,1.6695689275536552e-09
50.625,25.3125,75.9375,0.5,0.5,1e-05,EinsteinTelescopeP1600143,10.0,57.9030101800076,merger-ringdown,SPA+PN,,2.815081501239547e-12
50.625,25.3125,75.9375,0.5,0.5,1e-05,EinsteinTelescopeP1600143,10.0,57.9030101800076,full,SPA+PN,,1.4485164179234289e-09
60.5,30.25,90.75,0.5,0.5,1e-05,EinsteinTelescopeP1600143,10.0,48.451899014262565,inspiral,FSD,1,1.6101531219447907e-10
60.5,30.25,90.75,0.5,0.5,1e-05,EinsteinTelescopeP1600143,10.0,48.451899014262565,merger-ringdown,FSD,1,2.486788552857888e-12
60.5,30.25,90.75,0.5,0.5,1e-05,EinsteinTelescopeP1600143,10.0,48.451899014262565,full,FSD,1,1.2857703790558617e-10
60.5,30.25,90.75,0.5,0.5,1e-05,EinsteinTelescopeP1600143,10.0,48.451899014262565,inspiral,SPA+PN,,9.334699679897085e-10
60.5,30.25,90.75,0.5,0.5,1e-05,EinsteinTelescopeP1600143,10.0,48.451899014262565,merger-ringdown,SPA+PN,,3.198552533945076e-12
60.5,30.25,90.75,0.5,0.5,1e-05,EinsteinTelescopeP1600143,10.0,48.451899014262565,full,SPA+PN,,8.413274521501535e-10
70.375,35.1875,105.5625,0.5,0.5,1e-05,EinsteinTelescopeP1600143,10.0,41.65314231421506,inspiral,FSD,1,6.087053083803085e-11
70.375,35.1875,105.5625,0.5,0.5,1e-05,EinsteinTelescopeP1600143,10.0,41.65314231421506,merger-ringdown,FSD,1,1.4447332219447162e-12
70.375,35.1875,105.5625,0.5,0.5,1e-05,EinsteinTelescopeP1600143,10.0,41.65314231421506,full,FSD,1,4.868405678593035e-11
70.375,35.1875,105.5625,0.5,0.5,1e-05,EinsteinTelescopeP1600143,10.0,41.65314231421506,inspiral,SPA+PN,,5.341777020717586e-10
70.375,35.1875,105.5625,0.5,0.5,1e-05,EinsteinTelescopeP1600143,10.0,41.65314231421506,merger-ringdown,SPA+PN,,2.3389068459778173e-12
70.375,35.1875,105.5625,0.5,0.5,1e-05,EinsteinTelescopeP1600143,10.0,41.65314231421506,full,SPA+PN,,5.34216448855318e-10
80.25,40.125,120.375,0.5,0.5,1e-05,EinsteinTelescopeP1600143,10.0,36.52759987991134,inspiral,FSD,1,2.6259550089946515e-11
80.25,40.125,120.375,0.5,0.5,1e-05,EinsteinTelescopeP1600143,10.0,36.52759987991134,merger-ringdown,FSD,1,9.129363931492662e-13
80.25,40.125,120.375,0.5,0.5,1e-05,EinsteinTelescopeP1600143,10.0,36.52759987991134,full,FSD,1,2.1172952280323898e-11
80.25,40.125,120.375,0.5,0.5,1e-05,EinsteinTelescopeP1600143,10.0,36.52759987991134,inspiral,SPA+PN,,3.2387370563213835e-10
80.25,40.125,120.375,0.5,0.5,1e-05,EinsteinTelescopeP1600143,10.0,36.52759987991134,merger-ringdown,SPA+PN,,2.0019541580040823e-12
80.25,40.125,120.375,0.5,0.5,1e-05,EinsteinTelescopeP1600143,10.0,36.52759987991134,full,SPA+PN,,3.753184429911016e-10
90.125,45.0625,135.1875,0.5,0.5,1e-05,EinsteinTelescopeP1600143,10.0,32.52526924119706,inspiral,FSD,1,1.2480905198231085e-11
90.125,45.0625,135.1875,0.5,0.5,1e-05,EinsteinTelescopeP1600143,10.0,32.52526924119706,merger-ringdown,FSD,1,1.3722356584366935e-13
90.125,45.0625,135.1875,0.5,0.5,1e-05,EinsteinTelescopeP1600143,10.0,32.52526924119706,full,FSD,1,9.988121441040221e-12
90.125,45.0625,135.1875,0.5,0.5,1e-05,EinsteinTelescopeP1600143,10.0,32.52526924119706,inspiral,SPA+PN,,2.084418193604165e-10
90.125,45.0625,135.1875,0.5,0.5,1e-05,EinsteinTelescopeP1600143,10.0,32.52526924119706,merger-ringdown,SPA+PN,,1.465161325597819e-12
90.125,45.0625,135.1875,0.5,0.5,1e-05,EinsteinTelescopeP1600143,10.0,32.52526924119706,full,SPA+PN,,2.84628987046176e-10
100.0,50.0,150.0,0.5,0.5,1e-05,EinsteinTelescopeP1600143,10.0,29.313398903628848,inspiral,FSD,1,7.753575559377168e-12
100.0,50.0,150.0,0.5,0.5,1e-05,EinsteinTelescopeP1600143,10.0,29.313398903628848,merger-ringdown,FSD,1,1.9555468355747507e-12
100.0,50.0,150.0,0.5,0.5,1e-05,EinsteinTelescopeP1600143,10.0,29.313398903628848,full,FSD,1,6.820322084877262e-12
100.0,50.0,150.0,0.5,0.5,1e-05,EinsteinTelescopeP1600143,10.0,29.313398903628848,inspiral,SPA+PN,,1.4216061661187496e-10
100.0,50.0,150.0,0.5,0.5,1e-05,EinsteinTelescopeP1600143,10.0,29.313398903628848,merger-ringdown,SPA+PN,,3.657407710022653e-12
100.0,50.0,150.0,0.5,0.5,1e-05,EinsteinTelescopeP1600143,10.0,29.313398903628848,full,SPA+PN,,2.2900326079877686e-10
21.0,10.5,31.5,0.99,0.99,1e-05,EinsteinTelescopeP1600143,10.0,139.58761382680404,inspiral,FSD,1,3.1057529206401924e-05
21.0,10.5,31.5,0.99,0.99,1e-05,EinsteinTelescopeP1600143,10.0,139.58761382680404,merger-ringdown,FSD,1,6.228351168147128e-14
21.0,10.5,31.5,0.99,0.99,1e-05,EinsteinTelescopeP1600143,10.0,139.58761382680404,full,FSD,1,2.6261854877085433e-05
21.0,10.5,31.5,0.99,0.99,1e-05,EinsteinTelescopeP1600143,10.0,139.58761382680404,inspiral,SPA+PN,,4.308993795110183e-07
21.0,10.5,31.5,0.99,0.99,1e-05,EinsteinTelescopeP1600143,10.0,139.58761382680404,merger-ringdown,SPA+PN,,9.265921363521556e-13
21.0,10.5,31.5,0.99,0.99,1e-05,EinsteinTelescopeP1600143,10.0,139.58761382680404,full,SPA+PN,,4.4595134363056843e-07
30.875,15.4375,46.3125,0.99,0.99,1e-05,EinsteinTelescopeP1600143,10.0,94.94218268381813,inspiral,FSD,1,2.3338118126936536e-07
30.875,15.4375,46.3125,0.99,0.99,1e-05,EinsteinTelescopeP1600143,10.0,94.94218268381813,merger-ringdown,FSD,1,3.552713678800501e-14
30.875,15.4375,46.3125,0.99,0.99,1e-05,EinsteinTelescopeP1600143,10.0,94.94218268381813,full,FSD,1,1.764573605012032e-07
30.875,15.4375,46.3125,0.99,0.99,1e-05,EinsteinTelescopeP1600143,10.0,94.94218268381813,inspiral,SPA+PN,,4.145976428837628e-08
30.875,15.4375,46.3125,0.99,0.99,1e-05,EinsteinTelescopeP1600143,10.0,94.94218268381813,merger-ringdown,SPA+PN,,1.871169885703239e-12
30.875,15.4375,46.3125,0.99,0.99,1e-05,EinsteinTelescopeP1600143,10.0,94.94218268381813,full,SPA+PN,,3.577199825244293e-08
40.75,20.375,61.125,0.99,0.99,1e-05,EinsteinTelescopeP1600143,10.0,71.93472123589902,inspiral,FSD,1,7.704435533995024e-09
40.75,20.375,61.125,0.99,0.99,1e-05,EinsteinTelescopeP1600143,10.0,71.93472123589902,merger-ringdown,FSD,1,2.0183854587685346e-13
40.75,20.375,61.125,0.99,0.99,1e-05,EinsteinTelescopeP1600143,10.0,71.93472123589902,full,FSD,1,5.4750571854000896e-09
40.75,20.375,61.125,0.99,0.99,1e-05,EinsteinTelescopeP1600143,10.0,71.93472123589902,inspiral,SPA+PN,,6.7008807391744085e-09
40.75,20.375,61.125,0.99,0.99,1e-05,EinsteinTelescopeP1600143,10.0,71.93472123589902,merger-ringdown,SPA+PN,,3.2834845953289005e-12
40.75,20.375,61.125,0.99,0.99,1e-05,EinsteinTelescopeP1600143,10.0,71.93472123589902,full,SPA+PN,,4.904511796688382e-09
50.625,25.3125,75.9375,0.99,0.99,1e-05,EinsteinTelescopeP1600143,10.0,57.9030101800076,inspiral,FSD,1,7.284678416041857e-10
50.625,25.3125,75.9375,0.99,0.99,1e-05,EinsteinTelescopeP1600143,10.0,57.9030101800076,merger-ringdown,FSD,1,1.52433621281034e-12
50.625,25.3125,75.9375,0.99,0.99,1e-05,EinsteinTelescopeP1600143,10.0,57.9030101800076,full,FSD,1,5.350305753992757e-10
50.625,25.3125,75.9375,0.99,0.99,1e-05,EinsteinTelescopeP1600143,10.0,57.9030101800076,inspiral,SPA+PN,,1.8990219396997077e-09
50.625,25.3125,75.9375,0.99,0.99,1e-05,EinsteinTelescopeP1600143,10.0,57.9030101800076,merger-ringdown,SPA+PN,,6.090128401581296e-12
50.625,25.3125,75.9375,0.99,0.99,1e-05,EinsteinTelescopeP1600143,10.0,57.9030101800076,full,SPA+PN,,2.1269065397788722e-09
60.5,30.25,90.75,0.99,0.99,1e-05,EinsteinTelescopeP1600143,10.0,48.451899014262565,inspiral,FSD,1,2.3026769380152246e-10
60.5,30.25,90.75,0.99,0.99,1e-05,EinsteinTelescopeP1600143,10.0,48.451899014262565,merger-ringdown,FSD,1,1.7915668948376151e-12
60.5,30.25,90.75,0.99,0.99,1e-05,EinsteinTelescopeP1600143,10.0,48.451899014262565,full,FSD,1,1.679130168241727e-10
60.5,30.25,90.75,0.99,0.99,1e-05,EinsteinTelescopeP1600143,10.0,48.451899014262565,inspiral,SPA+PN,,1.116691739078135e-09
60.5,30.25,90.75,0.99,0.99,1e-05,EinsteinTelescopeP1600143,10.0,48.451899014262565,merger-ringdown,SPA+PN,,7.927769551940855e-12
60.5,30.25,90.75,0.99,0.99,1e-05,EinsteinTelescopeP1600143,10.0,48.451899014262565,full,SPA+PN,,2.0914419085471536e-09
70.375,35.1875,105.5625,0.99,0.99,1e-05,EinsteinTelescopeP1600143,10.0,41.65314231421506,inspiral,FSD,1,9.117429033977942e-11
70.375,35.1875,105.5625,0.99,0.99,1e-05,EinsteinTelescopeP1600143,10.0,41.65314231421506,merger-ringdown,FSD,1,1.158961815406201e-12
70.375,35.1875,105.5625,0.99,0.99,1e-05,EinsteinTelescopeP1600143,10.0,41.65314231421506,full,FSD,1,6.656342144140126e-11
70.375,35.1875,105.5625,0.99,0.99,1e-05,EinsteinTelescopeP1600143,10.0,41.65314231421506,inspiral,SPA+PN,,8.021956432457955e-10
70.375,35.1875,105.5625,0.99,0.99,1e-05,EinsteinTelescopeP1600143,10.0,41.65314231421506,merger-ringdown,SPA+PN,,8.827938380306932e-12
70.375,35.1875,105.5625,0.99,0.99,1e-05,EinsteinTelescopeP1600143,10.0,41.65314231421506,full,SPA+PN,,2.0478976292537254e-09
80.25,40.125,120.375,0.99,0.99,1e-05,EinsteinTelescopeP1600143,10.0,36.52759987991134,inspiral,FSD,1,4.0965453251828876e-11
80.25,40.125,120.375,0.99,0.99,1e-05,EinsteinTelescopeP1600143,10.0,36.52759987991134,merger-ringdown,FSD,1,1.8962609260597674e-13
80.25,40.125,120.375,0.99,0.99,1e-05,EinsteinTelescopeP1600143,10.0,36.52759987991134,full,FSD,1,2.996480841233051e-11
80.25,40.125,120.375,0.99,0.99,1e-05,EinsteinTelescopeP1600143,10.0,36.52759987991134,inspiral,SPA+PN,,5.986183770900766e-10
80.25,40.125,120.375,0.99,0.99,1e-05,EinsteinTelescopeP1600143,10.0,36.52759987991134,merger-ringdown,SPA+PN,,9.396927680427325e-12
80.25,40.125,120.375,0.99,0.99,1e-05,EinsteinTelescopeP1600143,10.0,36.52759987991134,full,SPA+PN,,1.9058176148334383e-09
90.125,45.0625,135.1875,0.99,0.99,1e-05,EinsteinTelescopeP1600143,10.0,32.52526924119706,inspiral,FSD,1,2.114131092412208e-11
90.125,45.0625,135.1875,0.99,0.99,1e-05,EinsteinTelescopeP1600143,10.0,32.52526924119706,merger-ringdown,FSD,1,6.259437412836633e-13
90.125,45.0625,135.1875,0.99,0.99,1e-05,EinsteinTelescopeP1600143,10.0,32.52526924119706,full,FSD,1,1.5725420965395642e-11
90.125,45.0625,135.1875,0.99,0.99,1e-05,EinsteinTelescopeP1600143,10.0,32.52526924119706,inspiral,SPA+PN,,4.5628911760076107e-10
90.125,45.0625,135.1875,0.99,0.99,1e-05,EinsteinTelescopeP1600143,10.0,32.52526924119706,merger-ringdown,SPA+PN,,1.1721068560177628e-11
90.125,45.0625,135.1875,0.99,0.99,1e-05,EinsteinTelescopeP1600143,10.0,32.52526924119706,full,SPA+PN,,1.7169303756503496e-09
100.0,50.0,150.0,0.99,0.99,1e-05,EinsteinTelescopeP1600143,10.0,29.313398903628848,inspiral,FSD,1,1.1542655720120365e-11
100.0,50.0,150.0,0.99,0.99,1e-05,EinsteinTelescopeP1600143,10.0,29.313398903628848,merger-ringdown,FSD,1,7.149836278586008e-14
100.0,50.0,150.0,0.99,0.99,1e-05,EinsteinTelescopeP1600143,10.0,29.313398903628848,full,FSD,1,8.514855487362638e-12
100.0,50.0,150.0,0.99,0.99,1e-05,EinsteinTelescopeP1600143,10.0,29.313398903628848,inspiral,SPA+PN,,3.5034775081044245e-10
100.0,50.0,150.0,0.99,0.99,1e-05,EinsteinTelescopeP1600143,10.0,29.313398903628848,merger-ringdown,SPA+PN,,1.4069634346469684e-11
100.0,50.0,150.0,0.99,0.99,1e-05,EinsteinTelescopeP1600143,10.0,29.313398903628848,full,SPA+PN,,1.5187441304576055e-09
